/*
 Navicat Premium Data Transfer

 Source Server         : local
 Source Server Type    : MySQL
 Source Server Version : 100413
 Source Host           : localhost:3306
 Source Schema         : db_keuangan_test

 Target Server Type    : MySQL
 Target Server Version : 100413
 File Encoding         : 65001

 Date: 27/01/2022 21:02:54
*/

SET NAMES utf8mb4;
SET FOREIGN_KEY_CHECKS = 0;

-- ----------------------------
-- Table structure for categories
-- ----------------------------
DROP TABLE IF EXISTS `categories`;
CREATE TABLE `categories`  (
  `id` int(11) NOT NULL AUTO_INCREMENT,
  `id_user_unit` int(11) NULL DEFAULT NULL,
  `name` varchar(255) CHARACTER SET utf8mb4 COLLATE utf8mb4_general_ci NULL DEFAULT NULL,
  `anggaran` int(11) NULL DEFAULT NULL,
  `active` int(11) NOT NULL DEFAULT 1,
  `created_at` datetime(0) NULL DEFAULT NULL,
  `updated_at` datetime(0) NULL DEFAULT NULL ON UPDATE CURRENT_TIMESTAMP(0),
  PRIMARY KEY (`id`) USING BTREE
) ENGINE = InnoDB AUTO_INCREMENT = 27 CHARACTER SET = utf8mb4 COLLATE = utf8mb4_general_ci ROW_FORMAT = Dynamic;

-- ----------------------------
-- Records of categories
-- ----------------------------
INSERT INTO `categories` VALUES (12, 26, 'Kas Perusahaan', 500000, 1, '2021-08-24 17:56:20', '2022-01-27 13:45:59');
INSERT INTO `categories` VALUES (13, 26, 'Konsumsi', 2000000, 1, '2021-08-24 17:56:31', '2022-01-27 13:46:08');
INSERT INTO `categories` VALUES (14, 26, 'Rumah Tangga', 200000, 1, '2021-08-24 17:56:38', '2022-01-27 13:46:17');
INSERT INTO `categories` VALUES (15, 26, 'Transportasi', 150000, 1, '2021-08-24 18:09:28', '2022-01-27 13:46:27');
INSERT INTO `categories` VALUES (16, 26, 'Sewa Alat Kantor', 3000000, 1, '2021-08-24 22:33:11', '2022-01-27 13:46:50');
INSERT INTO `categories` VALUES (17, 24, 'Pertemuan Klien', 270000, 1, '2021-08-27 20:50:00', '2022-01-27 13:48:09');
INSERT INTO `categories` VALUES (18, NULL, 'LOL', NULL, 0, '2021-08-27 20:50:00', '2021-12-12 08:42:22');
INSERT INTO `categories` VALUES (19, 26, 'BPJS', 600000, 1, '2021-08-27 20:50:58', '2022-01-27 13:47:22');
INSERT INTO `categories` VALUES (23, NULL, 'Contoh 1', NULL, 0, '2021-12-12 04:00:57', '2021-12-12 10:01:32');
INSERT INTO `categories` VALUES (24, 22, 'Development testing', 5000000, 1, '2021-12-31 07:51:09', '2022-01-27 13:47:31');
INSERT INTO `categories` VALUES (25, 22, 'Penetration Test', 20000000, 1, '2021-12-31 07:55:42', '2021-12-31 07:55:42');
INSERT INTO `categories` VALUES (26, 23, 'Facebook Ads', 1000000, 1, '2022-01-27 13:47:58', '2022-01-27 13:47:58');

-- ----------------------------
-- Table structure for transactions
-- ----------------------------
DROP TABLE IF EXISTS `transactions`;
CREATE TABLE `transactions`  (
  `id` int(11) NOT NULL AUTO_INCREMENT,
  `category_id` int(11) NOT NULL,
  `desc` varchar(255) CHARACTER SET utf8mb4 COLLATE utf8mb4_general_ci NULL DEFAULT NULL,
  `type` enum('income','expense') CHARACTER SET utf8mb4 COLLATE utf8mb4_general_ci NULL DEFAULT NULL,
  `amount` int(11) NULL DEFAULT NULL,
  `approved` int(11) NOT NULL DEFAULT 0,
  `created_at` datetime(0) NULL DEFAULT NULL,
  `updated_at` datetime(0) NULL DEFAULT NULL ON UPDATE CURRENT_TIMESTAMP(0),
  PRIMARY KEY (`id`) USING BTREE,
  INDEX `key_category_id`(`category_id`) USING BTREE,
  CONSTRAINT `key_category_id` FOREIGN KEY (`category_id`) REFERENCES `categories` (`id`) ON DELETE RESTRICT ON UPDATE RESTRICT
) ENGINE = InnoDB AUTO_INCREMENT = 25 CHARACTER SET = utf8mb4 COLLATE = utf8mb4_general_ci ROW_FORMAT = Dynamic;

-- ----------------------------
-- Records of transactions
-- ----------------------------
INSERT INTO `transactions` VALUES (4, 12, 'Rapat dengan klien 2', 'income', 50000, 0, '2021-08-24 19:53:10', '2022-01-27 15:01:05');
INSERT INTO `transactions` VALUES (6, 15, 'Biaya Transportasi pengiriman barang', 'expense', 250000, 1, '2021-08-24 19:53:10', '2022-01-14 08:58:54');
INSERT INTO `transactions` VALUES (7, 12, 'Iuran kas bulan Juli', 'income', 1000000, 0, '2021-08-24 21:02:48', '2021-08-27 20:52:09');
INSERT INTO `transactions` VALUES (8, 13, 'Donasi anonim untuk makan', 'income', 53000, 0, '2021-08-24 21:13:21', '2022-01-27 13:49:57');
INSERT INTO `transactions` VALUES (17, 19, 'Bayar BPJS bulan maret', 'expense', 250000, 1, '2021-08-24 22:30:28', '2022-01-14 08:58:58');
INSERT INTO `transactions` VALUES (18, 12, 'Beli Buku Baru', 'expense', 10000, 0, '2021-08-24 23:06:25', '2022-01-14 09:11:17');
INSERT INTO `transactions` VALUES (19, 17, 'Pesangon project berhasil', 'income', 281000, 1, '2021-08-27 20:52:33', '2022-01-14 10:31:59');
INSERT INTO `transactions` VALUES (20, 16, 'Bonus cashback pembelian barang ATK', 'income', 9000, 0, '2021-08-27 20:53:28', '2022-01-27 13:49:06');
INSERT INTO `transactions` VALUES (21, 14, 'Ganti rugi biaya meal setiap karyawan', 'expense', 830000, 0, '2021-08-27 20:54:05', '2021-08-27 20:54:05');
INSERT INTO `transactions` VALUES (24, 25, 'Pesangon project berhasil', 'expense', 500000, 0, '2022-01-27 14:13:34', '2022-01-27 14:13:34');

-- ----------------------------
-- Table structure for user_units
-- ----------------------------
DROP TABLE IF EXISTS `user_units`;
CREATE TABLE `user_units`  (
  `id` int(11) NOT NULL AUTO_INCREMENT,
  `name` varchar(255) CHARACTER SET utf8mb4 COLLATE utf8mb4_general_ci NULL DEFAULT NULL,
  `active` int(11) NOT NULL DEFAULT 1,
  `created_at` datetime(0) NULL DEFAULT NULL,
  `updated_at` datetime(0) NULL DEFAULT NULL ON UPDATE CURRENT_TIMESTAMP(0),
  PRIMARY KEY (`id`) USING BTREE
) ENGINE = InnoDB AUTO_INCREMENT = 27 CHARACTER SET = utf8mb4 COLLATE = utf8mb4_general_ci ROW_FORMAT = Dynamic;

-- ----------------------------
-- Records of user_units
-- ----------------------------
INSERT INTO `user_units` VALUES (22, 'IT Developer', 1, '2021-12-12 03:22:30', '2021-12-12 03:22:30');
INSERT INTO `user_units` VALUES (23, 'Marketing', 1, '2021-12-12 03:25:24', '2021-12-12 03:25:24');
INSERT INTO `user_units` VALUES (24, 'Bussiness Center', 1, '2021-12-12 03:44:17', '2021-12-12 10:12:42');
INSERT INTO `user_units` VALUES (25, 'Oprasional', 0, '2021-12-12 04:00:16', '2021-12-12 10:00:33');
INSERT INTO `user_units` VALUES (26, 'HRD', 1, '2022-01-27 13:45:00', '2022-01-27 13:45:00');

-- ----------------------------
-- Table structure for users
-- ----------------------------
DROP TABLE IF EXISTS `users`;
CREATE TABLE `users`  (
  `id` int(11) NOT NULL AUTO_INCREMENT,
  `username` varchar(100) CHARACTER SET utf8mb4 COLLATE utf8mb4_general_ci NOT NULL,
  `email` varchar(255) CHARACTER SET utf8mb4 COLLATE utf8mb4_general_ci NOT NULL,
  `password` varchar(255) CHARACTER SET utf8mb4 COLLATE utf8mb4_general_ci NULL DEFAULT NULL,
  `id_unit` int(11) NULL DEFAULT NULL,
  `fullname` varchar(255) CHARACTER SET utf8mb4 COLLATE utf8mb4_general_ci NULL DEFAULT NULL,
  `remember_token` varchar(50) CHARACTER SET utf8mb4 COLLATE utf8mb4_general_ci NULL DEFAULT NULL,
  `created_at` datetime(0) NULL DEFAULT NULL,
  `updated_at` datetime(0) NULL DEFAULT NULL,
  `is_active` int(11) NOT NULL DEFAULT 0,
  `role` enum('employee','admin') CHARACTER SET utf8mb4 COLLATE utf8mb4_general_ci NULL DEFAULT NULL,
  PRIMARY KEY (`id`, `username`, `email`) USING BTREE
) ENGINE = InnoDB AUTO_INCREMENT = 9 CHARACTER SET = utf8mb4 COLLATE = utf8mb4_general_ci ROW_FORMAT = Dynamic;

-- ----------------------------
-- Records of users
-- ----------------------------
INSERT INTO `users` VALUES (1, 'robi', 'robi@gmail.com', 'robi1', 22, 'robi zulva', NULL, '0000-00-00 00:00:00', '2021-12-12 03:22:36', 1, 'admin');
INSERT INTO `users` VALUES (2, 'irfanrona', 'irfan.rona95@student.upi.edu', 'irfanrona', 22, 'Irfan Rona', NULL, '2021-08-27 19:28:27', '2021-12-12 03:25:01', 1, 'employee');
INSERT INTO `users` VALUES (3, 'jamet', 'jamet@mail.com', 'jamet', NULL, 'jamet raya', NULL, '2021-08-27 20:05:17', '2021-08-27 20:42:30', 0, 'admin');
INSERT INTO `users` VALUES (4, 'nash', 'nashrul@gunawan.com', '123456', 23, 'Nasrulloh', NULL, '2021-12-12 03:21:36', '2021-12-12 03:27:13', 0, 'employee');
INSERT INTO `users` VALUES (5, 'sae', 'saepul@admin.com', '123456', 23, 'Saepul', NULL, '2021-12-12 03:41:35', '2021-12-12 03:41:53', 1, 'employee');
INSERT INTO `users` VALUES (7, 'nur', 'nur@admin.com', '123456', 25, 'Nurhayati', NULL, '2021-12-12 03:44:07', '2021-12-12 04:00:25', 1, 'employee');
INSERT INTO `users` VALUES (8, 'staffhr', 'staffhr@keuangan.com', 'staffhr', 26, 'Rona', NULL, '2022-01-27 13:42:37', '2022-01-27 14:07:07', 1, 'employee');

SET FOREIGN_KEY_CHECKS = 1;
